<annotatedpaper>
    <paper title= "Learning Dependency-Based Compositional Semantics" authors= "Percy Liang, Michael I. Jordan, Dan Klein" year= "2004">
        <section>
            Percy Liang
            UC Berkeley
            pliang@cs.berkeley.edu
            Michael I. Jordan
            UC Berkeley
            jordan@cs.berkeley.edu
            Dan Klein
            UC Berkeley
            klein@cs.berkeley.edu
        </section>
        <section>
            <title>
                Abstract
            </title>
            <paragraph>
                (parameters) (world) Compositional question answering begins by mapping questions to logical forms, but training a semantic parser to perform this mapping typically requires the costly annotation of the target logical forms. In this paper, we learn to map questions to answers via latent logical forms, which are induced automatically from question-answer pairs. In tackling this challenging learning problem, we introduce a new semantic representation which highlights a parallel between dependency syntax and efficient evaluation of logical forms. On two standard semantic parsing benchmarks (GEO and Jobs), our system obtains the highest published accuracies, despite requiring no annotated logical forms.
            </paragraph>
        </section>
        <section imrad="i">
            <title>
                1 Introduction
            </title>
            <paragraph>
                What is the total population of the ten largest capitals in the US? Answering these types of complex questions compositionally involves first mapping the questions into logical forms (semantic parsing).
                <context>
                    <tool>Supervised semantic parsers</tool> (<cite id="1" function="wea" polarity="neg">Zelle and Mooney, 1996</cite>; <cite id="2" function="wea" polarity="neg">Tang and Mooney, 2001</cite>; <cite id="3" function="wea" polarity="neg">Ge and Mooney, 2005</cite>; <cite id="4" function="wea" polarity="neg">Zettlemoyer and Collins, 2005</cite>; <cite id="5" function="wea" polarity="neg">Kate and Mooney, 2007</cite>; <cite id="6" function="wea" polarity="neg">Zettlemoyer and Collins, 2007</cite>; <cite id="7" function="wea" polarity="neg">Wong and Mooney, 2007</cite>; <cite id="8" function="wea" polarity="neg">Kwiatkowski et al., 2010</cite>) <feature>rely on manual annotation of logical forms</feature>,<kw> which is</kw> 
                    <negfeature>expensive</negfeature>.
                </context>
                <context>
                    <kw>On the other hand, existing</kw> 
                    <tool>unsupervised semantic parsers</tool> (<cite id="9" function="wea" polarity="neg">Poon and Domingos, 2009</cite>)<negfeature> do not handle deeper linguistic phenomena</negfeature> such as quantification, negation, and superlatives.
                </context>
            </paragraph>
            <paragraph>
                <context>
                    <kw>As in</kw> 
                    <cite id="10" function="bas" polarity="pos">Clarke et al. (2010)</cite>, <author>we</author> 
                    <action>obviate the need for annotated logical forms</action> by considering the end-to-end problem of mapping questions to answers. 
                </context>
                However, we still model the logical form (now as a latent variable) to capture the complexities of language. Figure 1 shows our probabilistic model: Semantic Parsing Evaluation (question) state with the largest area (logical form) (answer) Alaska Figure 1: Our probabilistic model: a question x is mapped to a latent logical form z, which is then evaluated with respect to a world w (database of facts), producing an answer y. We represent logical forms z as labeled trees, induced automatically from (x, y) pairs.
            </paragraph>
            <paragraph>
                We want to induce latent logical forms z (and parameters 6) given only question-answer pairs (x, y), which is much cheaper to obtain than (x, z) pairs.
            </paragraph>
            <paragraph>
                The core problem that arises in this setting is program induction: finding a logical form z (over an exponentially large space of possibilities) that produces the target answer y. Unlike standard semantic parsing, our end goal is only to generate the correct y, so we are free to choose the representation for z. Which one should we use?
            </paragraph>
            <paragraph>
                <kw>The dominant</kw> 
                <method>paradigm</method> 
                <kw>in</kw> 
                <field>compositional semantics</field> 
                <kw>is</kw> Montague semantics, which constructs lambda calculus forms in a bottom-up manner. <tool>CCG</tool> 
                <kw>is one instantiation</kw> (<cite id="11" function="wea" polarity="neg">Steedman, 2000</cite>), which is used by many semantic parsers, e.g.,  <cite id="12" function="wea" polarity="neg">Zettlemoyer and Collins (2005)</cite>. <kw>However</kw>, <negfeature>the logical forms there can become quite complex</negfeature>, and in the context of program induction, this would lead to an unwieldy search space
                <context>
                    . <kw>At the same time</kw>, representations such as <tool>FunQL</tool> (<cite id="13" function="wea" polarity="neg">Kate et al., 2005</cite>), which was used in <cite id="14" function="wea" polarity="neg">Clarke et al. (2010)</cite>, <kw>are simpler but</kw>
                    <negfeature> lack the full expressive power of lambda calculus</negfeature>.</context>
            </paragraph>
            <paragraph>
                The main technical contribution of this work is a new semantic representation, dependency-based compositional semantics (DCS), which is both simple and expressive (Section 2). The logical forms in this framework are trees, which is desirable for two reasons: (i) they parallel syntactic dependency trees, which facilitates parsing and learning; and (ii) evaluating them to obtain the answer is computationally efficient.
            </paragraph>
            <paragraph>
                We trained our model using an EM-like algorithm (Section 3) on two benchmarks, Geo and Jobs (Section 4). Our system outperforms all existing systems despite using no annotated logical forms.
            </paragraph>
        </section>
        <section imrad="m">
            <title>
                2 Semantic Representation
            </title>
            <paragraph>
                We first present a basic version (Section 2.1) of dependency-based compositional semantics (DCS), which captures the core idea of using trees to represent formal semantics. We then introduce the full version (Section 2.2), which handles linguistic phenomena such as quantification, where syntactic and semantic scope diverge.
            </paragraph>
            <paragraph>
                We start with some definitions, using US geography as an example domain. Let V be the set of all values, which includes primitives (e.g., 3, ca G V) as well as sets and tuples formed from other values (e.g., 3, {3,4, 7}, (ca, {5}) G V). Let P be a set of predicates (e.g., state, count G P), which are just symbols.
            </paragraph>
            <paragraph>
                A world w is mapping from each predicate p G P to a set of tuples; for example, w(state) = {(ca), (or), ... }. Conceptually, a world is a relational database where each predicate is a relation (possibly infinite). Define a special predicate 0 with w(0) = V. We represent functions by a set of input-output pairs, e.g., w(count) = {(S, n) : n = \!S\!}. As another example, w(average) = {(S, x) : x = \!Si\!-1 ^ xes\ S(x)}, where a set of pairs S is treated as a set-valued function S (x) = {y : (x, y) G S} with domain S1 = {x : (x, y) G S}.
            </paragraph>
            <paragraph>
                The logical forms in DCS are called DCS trees, where nodes are labeled with predicates, and edges are labeled with relations. Formally:
            </paragraph>
            <paragraph>
                Definition 1 (DCS trees) Let Z be the set of DCS trees, where each z G Z consists of (i) a predicate Relations 7Z (join) e S (aggregate) q xi (execute) c (extract) (quantify) (compare) Table 1: Possible relations appearing on the edges of a DCS tree. Here, j, j' G {1,2,... } and i G {1,2,... } *. z.p G P and (ii) a sequence of edges z.e1,... , z.em, each edge e consisting of a relation e.r G R (see Table 1) and a child tree e.c G Z.
            </paragraph>
            <paragraph>
                We write a DCS tree z as (p; r1 : c1;... ; rm : cm). Figure 2(a) shows an example of a DCS tree. Although a DCS tree is a logical form, note that it looks like a syntactic dependency tree with predicates in place of words. It is this transparency between syntax and semantics provided by DCS which leads to a simple and streamlined compositional semantics suitable for program induction.
            </paragraph>
            
            <subtitle>
                2.1 Basic Version
            </subtitle>
            <paragraph>
                The basic version of DCS restricts R to join and aggregate relations (see Table 1). Let us start by considering a DCS tree z with only join relations. Such a z defines a constraint satisfaction problem (CSP) with nodes as variables. The CSP has two types of constraints: (i) x G w(p) for each node x labeled with predicate p G P ; and (ii) xj = y,/ (the j-th component of x must equal the j '-th component of y) for each edge (x, y) labeled with j G R.
            </paragraph>
            <paragraph>
                A solution to the CSP is an assignment of nodes to values that satisfies all the constraints. We say a value v is consistent for a node x if there exists a solution that assigns v to x. The denotation [z}w (z evaluated on w) is the set of consistent values of the root node (see Figure 2 for an example).
            </paragraph>
            <paragraph>
                <context>
                    Computation <author>We</author> 
                    <kw>can compute</kw> the denotation [z}w of a DCS tree z <kw>by exploiting</kw> 
                    <concept>dynamic programming on trees</concept> (<cite id="15" function="bas" polarity="pos">Dechter, 2003</cite>).
                </context>

                The recurrence is as follows: = w(p) n p\!{v : = tj/,t g [cijw}. At each node, we compute the set of tuples v consistent with the predicate at that node (v G w(p)), and z = (city city major loci (a) DCS tree (c) Denotation: Ac 3m 3£ 3s . city(c) A major(m)A loc(^) A CA(s)A
            </paragraph>
            <paragraph>
                Figure 2: (a) An example of a DCS tree (written in both the mathematical and graphical notation). Each node is labeled with a predicate, and each edge is labeled with a relation. (b) A DCS tree z with only join relations encodes a constraint satisfaction problem. (c) The denotation of z is the set of consistent values for the root node. number of major cities (a) Counting average population of major cities average 1 i population (b) Averaging Figure 3: Examples of DCS trees that use the aggregate relation (E) to (a) compute the cardinality of a set and (b) take the average over a set.
            </paragraph>
            <paragraph>
                for each child i, the j-th component of v must equal the ji-th component of some t in the child's denotation (t G \cj\w). This algorithm is linear in the number of nodes times the size of the denotations.
            </paragraph>
            <paragraph>
                Now the dual importance of trees in DCS is clear: We have seen that trees parallel syntactic dependency structure, which will facilitate parsing. In addition, trees enable efficient computation, thereby establishing a new connection between dependency syntax and efficient semantic evaluation.
            </paragraph>
            <paragraph>
                Aggregate relation DCS trees that only use join relations can represent arbitrarily complex compositional structures, but they cannot capture higherorder phenomena in language. For example, consider the phrase number of major cities, and suppose that number corresponds to the count predicate. It is impossible to represent the semantics of this phrase with just a CSP, so we introduce a new aggregate relation, notated E. Consider a tree (E : c), whose root is connected to a child c via E. If the denotation of c is a set of values s, the parent's denotation is then a singleton set containing s. Formally:
            </paragraph>
            <paragraph>
                Figure 3(a) shows the DCS tree for our running example. The denotation of the middle node is (s}, infinite denotations (such as [&amp;lt;]w) are represented as implicit sets on which we can perform membership queries. The intersection of two sets can be performed as long as at least one of the sets is finite.
            </paragraph>
            <paragraph>
                where s is all major cities. Having instantiated s as a value, everything above this node is an ordinary CSP: s constrains the count node, which in turns constrains the root node to \!s\!.
            </paragraph>
            <paragraph>
                A DCS tree that contains only join and aggregate relations can be viewed as a collection of tree-structured CSPs connected via aggregate relations. The tree structure still enables us to compute denotations efficiently based on (1) and (2).
            </paragraph>
            
            
            <subtitle>
                2.2 Full Version
            </subtitle>
            <paragraph>
                The basic version of DCS described thus far handles a core subset of language. But consider Figure 4: (a) is headed by borders, but states needs to be extracted; in (b), the quantifier no is syntactically dominated by the head verb borders but needs to take wider scope. We now present the full version of DCS which handles this type of divergence between syntactic and semantic scope.
            </paragraph>
            <paragraph>
                The key idea that allows us to give semantically-scoped denotations to syntactically-scoped trees is as follows: We mark a node low in the tree with a mark relation (one of E, Q, or C). Then higher up in the tree, we invoke it with an execute relation Xi to create the desired semantic scope.
            </paragraph>
            <paragraph>
                This mark-execute construct acts non-locally, so to maintain compositionality, we must augment the
                <context>
                    <author>Our</author> 
                    <tool>mark-execute construct</tool> 
                    <kw>is analogous to</kw> 
                    <method>Montague's quantifying in</method>, Cooper storage, and Carpenter's scoping constructor (<cite id="16" function="bas" polarity="pos">Carpenter, 1998</cite>).
                </context>
                Example: major city in California California borders which states? Alaska borders no states. Some river traverses every city. city traversed by no rivers (b) Quantification (q) traverse I (narrow) traverse (c) Quantifier ambiguity (q, q) (d) Quantification (q, e) state bordering the most states (e) Superlative (c) state bordering more states than Texas state bordering the largest state Every state's largest city is major. argmaxj [argmaxj [every I (absolute) (relative) (g) Superlative ambiguity (c) (h) Quantification+Superlative (q, c)
            </paragraph>
            <paragraph>
                Figure 4: Example DCS trees for utterances in which syntactic and semantic scope diverge. These trees reflect the syntactic structure, which facilitates parsing, but importantly, these trees also precisely encode the correct semantic scope. The main mechanism is using a mark relation (E, Q, or C) low in the tree paired with an execute relation (Xi) higher up at the desired semantic point.
            </paragraph>
            <paragraph>
                denotation d = [z}w to include any information about the marked nodes in z that can be accessed by an execute relation later on. In the basic version, d was simply the consistent assignments to the root. Now d contains the consistent joint assignments to the active nodes (which include the root and all marked nodes), as well as information stored about each marked node. Think of d as consisting of n columns, one for each active node according to a pre-order traversal of z. Column 1 always corresponds to the root node. Formally, a denotation is defined as follows (see Figure 5 for an example): Definition 2 (Denotations) Let D be the set of denotations, where each d G D consists of where each store a contains a mark relation a.r G (e, q, c, 0}, a base denotation a.b G DU (0}, and a child denotation a.c G DU (0}.
            </paragraph>
            <paragraph>
                We write d as ((A; (ri ,bi,ci);... ; (rn,bn,Cn))). We use d(ri = x} to mean d with d.ri = d.ai.r = x (similar definitions apply for d(ai = x}, d(bi = x}, and d(ci = x}).
            </paragraph>
            <paragraph>
                The denotation of a DCS tree can now be defined recursively: DCS tree column 1 column 2 Denotation
            </paragraph>
            <paragraph>
                Figure 5: Example of the denotation for a DCS tree with a compare relation C. This denotation has two columns, one for each active node—the root node state and the marked node size.
            </paragraph>
            <paragraph>
                The base case is defined in (3): if z is a single node with predicate p, then the denotation of z has one column with the tuples w(p) and an empty store. The other six cases handle different edge relations. These definitions depend on several operations (xjj,, E, Xi, M) which we will define shortly, but let us first get some intuition.
            </paragraph>
            <paragraph>
                Let z be a DCS tree. If the last child c of z's root is a join (j,), aggregate (E), or execute (Xi) relation ((4)-(6)), then we simply recurse on z with c removed and join it with some transformation (identity, E, or Xi) of c's denotation. If the last (or first) child is connected via a mark relation e, C (or Q), then we strip off that child and put the appropriate information in the store by invoking M.
            </paragraph>
            <paragraph>
                We now define the operations xy,, E, Xi, M. Some helpful notation: For a sequence v = (v1,..., vn) and indices i = ..., ik), let vi = (vi1,..., vik ) be the projection of v onto i; we write v-i to mean V[1_ n]\i. Extending this notation to denotations, let ((A; a))[i] = (((ai : a G A}; Let d[—0] = d[—i], where i are the columns with empty stores. For example, for d in Figure 5, d[1] keeps column 1, d[—0] keeps column 2, and d[2, —2] swaps the two columns.
            </paragraph>
            <paragraph>
                Join The join of two denotations d and d' with respect to components j and j' (* means all components) is formed by concatenating all arrays a of d with all compatible arrays a' of d', where compatibility means a1j = a^,. The stores are also concatenated (a + a'). Non-initial columns with empty stores are projected away by applying [1,—0]. The full definition of join is as follows:
            </paragraph>
            <paragraph>
                Aggregate The aggregate operation takes a denotation and forms a set out of the tuples in the first column for each setting of the rest of the columns: V2 &amp;lt; i &amp;lt; n, [ai] G d.bi[1]. A}.
            </paragraph>
            
            
            <subtitle>
                2.2.1 Mark and Execute
            </subtitle>
            <paragraph>
                Now we turn to the mark (M) and execute (Xi) operations, which handles the divergence between syntactic and semantic scope. In some sense, this is the technical core of DCS. Marking is simple: When a node (e.g., size in Figure 5) is marked (e.g., with relation c), we simply put the relation r, current denotation d and child c's denotation into the store of column 1:
            </paragraph>
            <paragraph>
                The execute operation Xi(d) processes columns i in reverse order. It suffices to define Xi(d) for a single column i. There are three cases:
            </paragraph>
            <paragraph>
                Extraction (d.ri = e) In the basic version, the denotation of a tree was always the set of consistent values of the root node. Extraction allows us to return the set of consistent values of a marked non-root node. Formally, extraction simply moves the i-th column to the front: Xi(d) = d[i, —(i, 0)](a1 = 0}. For example, in Figure 4(a), before execution, the denotation of the DCS tree is ((([(CA, or), (or)], ... }; 0; (e, [(stated, 0))); after applying x1, we have ((([(or)], ... }; 0)).
            </paragraph>
            <paragraph>
                Generalized Quantification (d.ri = q) Generalized quantifiers are predicates on two sets, a re-strictor A and a nuclear scope B. For example, w(no) = ((A, B) : A n B = 0} and w(most) = ((A,B): \!A n B\! &amp;gt; 2 \!A\!}. In a DCS tree, the quantifier appears as the child of a q relation, and the restrictor is the parent (see Figure 4(b) for an example). This information is retrieved from the store when the quantifier in column i is executed. In particular, the restrictor is A = E (d.bi) and the nuclear scope is B = E (d[i, —(i, 0)]). We then apply d.ci to these two sets (technically, denotations) and project away the first column: Xi(d) = ((d.ci mm A) xi2,1 B) [—1].
            </paragraph>
            <paragraph>
                For the example in Figure 4(b), the denotation of the DCS tree before execution is ((0; 0; (Q, [(state)Jw, [(no)]w))). The restrictor set (A) is the set of all states, and the nuclear scope (B) is the empty set. Since (A, B) exists in no, the final denotation, which projects away the actual pair, is ((( [ ] })) (our representation of true). Figure 4(c) shows an example with two interacting quantifiers. The quantifier scope ambiguity is resolved by the choice of execute relation; X 2 gives the narrow reading and X2 gives the wide reading. Figure 4(d) shows how extraction and quantification work together.
            </paragraph>
            <paragraph>
                Comparatives and Superlatives (d.ri = C) To compare entities, we use a set S of (x,y) pairs, where x is an entity and y is a number. For superlatives, the argmax predicate denotes pairs of sets and the set's largest element(s): w(argmax) = ((S, x*) : x* G argmaxx€Sl max S (x)}. For comparatives, w(more) contains triples (S, x, y), where x is "more than" y as measured by S ; formally: w(more) = ((S, x,y) : max S(x) &amp;gt; max S (y)}.
            </paragraph>
            <paragraph>
                In a superlative/comparative construction, the root x of the DCS tree is the entity to be compared, the child c of a C relation is the comparative or superlative, and its parent p contains the information used for comparison (see Figure 4(e) for an example). If d is the denotation of the root, its i-th column contains this information. There are two cases: (i) if the i-th column of d contains pairs (e.g., size in Figure 5), then let d' = [(0)]w xi1)2 d[i, —i], which reads out the second components of these pairs; (ii) otherwise (e.g., state in Figure 4(e)), let d' = [(0)lw xn,2 [(count)]w mm E(d[i, —i]), which counts the number of things (e.g., states) that occur with each value of the root x. Given d', we construct a denotation S by concatenating (+i) the second and first columns of d' (S = E (+2,1 (d'(a2 = 0}))) and apply the superlative/comparative: Xi(d) = ([(0)]w xn,2 (d.ci xi1,1 S))(a1 = d.a1}.
            </paragraph>
            <paragraph>
                Figure 4(f) shows that comparatives are handled using the exact same machinery as superlatives. Figure 4(g) shows that we can naturally account for superlative ambiguity based on where the scope-determining execute relation is placed.
            </paragraph>
            
      
            <title>
                3 Semantic Parsing
            </title>
            <paragraph>
                We now turn to the task of mapping natural language utterances to DCS trees. Our first question is: given an utterance x, what trees z G Z are permissible? To define the search space, we first assume a fixed set of lexical triggers L. Each trigger is a pair (x,p), where x is a sequence of words (usually one) and p is a predicate (e.g., x = California and p = ca). We use L(x) to denote the set of predicates p triggered by x ((x,p) G L). Let L(e) be the set of trace predicates, which can be introduced without an overt lexical trigger.
            </paragraph>
            <paragraph>
                Given an utterance x = (x1,..., xn), we define ZL(x) c Z, the set of permissible DCS trees for x. The basic approach is reminiscent of projective labeled dependency parsing: For each span i..j, we build a set of trees and set ZL(x) = C0n Each set Cij is constructed recursively by combining the trees of its subspans and Ck, j for each pair of split points k, k' (words between k and k' are ignored). These combinations are then augmented via a function A and filtered via a function F, to be specified later. Formally, is defined recursively as follows: Cij = F(A(L(xi+1.j) U J T1(a,b)))).
            </paragraph>
            <paragraph>
                In (13), L(xi+1..j) is the set of predicates triggered by the phrase under span i.. j (the base case), and Td(a,b) = Td(a,b) U Td(b, a), which returns all ways of combining trees a and b where b is a descendant of a (Td) or vice-versa (Td). The former is defined recursively as follows: T0(a, b) = 0, and Td(a,b)= (J ((a; r :b)}U Td_1(a, (p; r : b)).
            </paragraph>
            <paragraph>
                The latter (Tk) is defined similarly. Essentially, Td(a, b) allows us to insert up to d trace predicates between the roots of a and b. This is useful for modeling relations in noun compounds (e.g., California cities), and it also allows us to underspec-ify L. In particular, our L will not include verbs or prepositions; rather, we rely on the predicates corresponding to those words to be triggered by traces.
            </paragraph>
            <paragraph>
                The augmentation function A takes a set of trees and optionally attaches e and xi relations to the root (e.g., A((city)) = ((city) , (city; e :0)}). The filtering function F rules out improperly-typed trees such as (city; ° : (state)). To further reduce the search space, F imposes a few additional constraints, e.g., limiting the number of marked nodes to 2 and only allowing trace predicates between ar-ity 1 predicates.
            </paragraph>
            <paragraph>
                Model We now present our discriminative semantic parsing model, which places a log-linear distribution over z G ZL(x) given an utterance x. Formally, p# (z \! x) oc e&amp;lt;Mx,z) , where 9 and 0(x, z) are parameter and feature vectors, respectively. As a running example, consider x = city that is in California and z = (city; : (loc; 1 : (ca))), where city triggers city and California triggers CA.
            </paragraph>
            <paragraph>
                To define the features, we technically need to augment each tree z G ZL(x) with alignment information—namely, for each predicate in z, the span in x (if any) that triggered it. This extra information is already generated from the recursive definition in (13).
            </paragraph>
            <paragraph>
                The feature vector 0(x, z) is defined by sums of five simple indicator feature templates: (F1) a word triggers a predicate (e.g., [city, city]); (F2) a word is under a relation (e.g., [that,(F3) a word is under a trace predicate (e.g., [in, loc]); (F4) two predicates are linked via a relation in the left or right direction (e.g., [city, loc, right]); and (F5) a predicate has a child relation (e.g., [city, Learning Given a training dataset D containing (x, y) pairs, we define the regularized marginal log-likelihood objective ZL(x)) — A\!\!9\!\!2, which sums over all DCS trees z that evaluate to the target answer y. Our model is arc-factored, so we can sum over all DCS trees in ZL(x) using dynamic programming. However, in order to learn, we need to sum over (z G ZL(x) : [z]w = y}, and unfortunately, the additional constraint [z]w = y does not factorize. We therefore resort to beam search. Specifically, we truncate each C^j to a maximum of K candidates sorted by decreasing score based on parameters 9. Let ZL 0 (x) be this approximation of ZL(x).
            </paragraph>
            <paragraph>
                Our learning algorithm alternates between (i) using the current parameters 9 to generate the K-best set ZL 0 (x) for each training example x, and (ii) optimizing the parameters to put probability mass on the correct trees in these sets; sets containing no correct answers are skipped. Formally, let O(9,9') be the objective function O(9) with ZL(x) replaced with ZL^'(x). We optimize (9(9,9') by setting 9(0) = 0 and iteratively solving 9(t+1) = argmax0 O(9, 9(t)) using L-BFGS until t = T . In all experiments, we set A = 0.01, T = 5, and K = 100. After training, given a new utterance x, our system outputs the most likely y, summing out the latent logical form z: argmax^p0(T) (y \! x, z G ZL öCr)).
            </paragraph>
        </section>
        <section imrad="r">
            <title>
                4 Experiments
            </title>
            <paragraph>
                We tested our system on two standard datasets, Geo and Jobs. In each dataset, each sentence x is annotated with a Prolog logical form, which we use only to evaluate and get an answer y. This evaluation is done with respect to a world w. Recall that a world w maps each predicate p G P to a set of tuples w(p). There are three types of predicates in P: generic (e.g., argmax), data (e.g., city), and value (e.g., ca). Geo has 48 non-value predicates and Jobs has 26. For Geo, w is the standard US geography database that comes with the dataset. For Jobs, if we use the standard Jobs database, close to half the y's are empty, which makes it uninteresting. We therefore generated a random Jobs database instead as follows: we created 100 job IDs. For each data predicate p (e.g., language), we add each possible tuple (e.g., (job37, Java)) to w(p) independently with probability 0.8.
            </paragraph>
            <paragraph>
                <context>
                    <author>We</author> 
                    <kw>used the same</kw> 
                    <data>training-test</data> splits<kw> as </kw> 
                    <cite id="17" function="bas" polarity="pos"> Zettlemoyer and Collins (2005)</cite> (600+280 for Geo and 500+140 for Jobs). During development, we further held out a random 30% of the training sets for validation.
                </context>
            </paragraph>
            <paragraph>
                Our lexical triggers L include the following: (i) predicates for a small set of œ 20 function words (e.g., (most, argmax)), (ii) (x,x) for each value Table 2: Results on Geo with 250 training and 250 test examples. Our results are averaged over 10 random 250+250 splits taken from our 600 training examples. Of the three systems that do not use logical forms, our two systems yield significant improvements. Our better system even outperforms the system that uses logical forms. predicate x in w (e.g., (Boston, Boston)), and (iii) predicates for each POS tag in (jj, nn, nns} (e.g., (jj, size), (jj, area), etc.). Predicates corresponding to verbs and prepositions (e.g., traverse) are not included as overt lexical triggers, but rather in the trace predicates L(e).
            </paragraph>
            <paragraph>
                We also define an augmented lexicon L+ which includes a prototype word x for each predicate appearing in (iii) above (e.g., (large, size)), which cancels the predicates triggered by x's POS tag. For Geo, there are 22 prototype words; for Jobs, there are 5. Specifying these triggers requires minimal domain-specific supervision.
            </paragraph>
            <paragraph> Results 
                <context>
                    <author>We</author> 
                    <kw>first compare</kw> 
                    <author>our</author> 
                    <tool>system</tool> 
                    <kw>with</kw> 
                    <cite id="18" function="con" polarity="neu">Clarke et al. (2010)</cite> (henceforth, SemResp), which also learns a semantic parser from question-answer pairs.
                </context>
                Table 2 shows that our system using lexical triggers L (henceforth, dcs) outperforms SemResp (78.9% over 73.2%). In fact, although neither dcs nor SemResp uses logical forms, dcs uses even less supervision than SemResp. SemResp requires a lexicon of 1.42 words per non-value predicate, WordNet features, and syntactic parse trees; dcs requires only words for the domain-independent predicates (overall, around 0.5 words per non-value predicate), POS tags, and very simple indicator features. In fact, dcs performs comparably to even the version of SemResp trained using logical forms. If we add prototype triggers (use L+), the resulting system (dcs+) outperforms both versions of SemResp by a significant margin (87.2% over 73.2% and 80.4%). 
                <context>
                    <author> We</author> 
                    <kw>used</kw> 
                    <tool>the Berkeley Parser</tool> (<cite id="19" function="bas" polarity="pos">Petrov et al., 2006</cite>) <kw>to </kw> 
                    <task>perform POS tagging</task>.
                </context>
                The triggers L(x) for a word x thus include L(t) where t is the POS tag of x. Table 3: Accuracy (recall) of systems on the two benchmarks. 
                
                The systems are divided into three groups. Group 1 uses 10-fold cross-validation; groups 2 and 3 use the independent test set.
                <context>
                    Groups 1 and 2 measure accuracy of logical form; group 3 measures accuracy of the answer; but there is very small difference between the two as seen from the <cite id="20" function="ack" polarity="neu">Kwiatkowski et al. (2010)</cite> numbers.
                </context>
                Our best system improves substantially over past work, despite using no logical forms as training data.
            </paragraph>
            <paragraph>
                Next, we compared our systems (dcs and dcs+) with the state-of-the-art semantic parsers on the full dataset for both Geo and Jobs (see Table 3). All other systems require logical forms as training data, whereas ours does not.
                <context>
                    <result>Table 3</result> 
                    <kw>shows that</kw> even dcs, which does not use prototypes, <kw>is comparable to</kw> 
                    <posfeature>the best previous</posfeature> 
                    <tool>system</tool> (<cite id="21" function="con" polarity="pos">Kwiatkowski et al., 2010</cite>), and by adding a few prototypes, dcs+ offers a decisive edge (91.1% over 88.9% on Geo). 
                </context>
                Rather than using lexical triggers, several of the other systems use IBM word alignment models to produce an initial word-predicate mapping. This option is not available to us since we do not have annotated logical forms, so we must instead rely on lexical triggers to define the search space. Note that having lexical triggers is a much weaker requirement than having a CCG lexicon, and far easier to obtain than logical forms.
            </paragraph>
            <paragraph>
                Intuitions How is our system learning? Initially, the weights are zero, so the beam search is essentially unguided. We find that only for a small fraction of training examples do the K-best sets contain any trees yielding the correct answer (29% for dcs on Geo). However, training on just these examples is enough to improve the parameters, and this 29% increases to 66% and then to 95% over the next few iterations. This bootstrapping behavior occurs naturally: The "easy" examples are processed first, where easy is defined by the ability of the current model to generate the correct answer using any tree. Our system learns lexical associations between words and predicates. For example, area (by virtue of being a noun) triggers many predicates: city, state, area, etc. Inspecting the final parameters (dcs on Geo), we find that the feature [area, area] has a much higher weight than [area, city]. Trace predicates can be inserted anywhere, but the features favor some insertions depending on the words present (for example, [in, loc] has high weight).
            </paragraph>
            <paragraph>
                The errors that the system makes stem from multiple sources, including errors in the POS tags (e.g., states is sometimes tagged as a verb, which triggers no predicates), confusion of Washington state with Washington D.C., learning the wrong lexical associations due to data sparsity, and having an insufficiently large K.
            </paragraph>
        </section>
        <section imrad="d">
            <title>
                5 Discussion
            </title>
            <paragraph>
                A major focus of this work is on our semantic representation, DCS, which offers a new perspective on compositional semantics. 
                <context>
                    To contrast, consider CCG (<cite id="22" function="ack" polarity="neu">Steedman, 2000</cite>), in which semantic parsing is driven from the lexicon.
                </context>

                The lexicon encodes information about how each word can used in context; for example, the lexical entry for borders is s\np/np : Ay.Ax.border(x, y), which means borders looks right for the first argument and left for the second. 
                <context>
                    These rules are often too stringent, and for complex utterances, especially in free wordorder languages, either disharmonic combinators are employed (<cite id="23" function="ack" polarity="neu">Zettlemoyer and Collins, 2007</cite>) or words are given multiple lexical entries (<cite id="24" function="ack" polarity="neu">Kwiatkowski et al., 2010</cite>).
                </context>
            </paragraph>
            <paragraph>
                In DCS, we start with lexical triggers, which are more basic than CCG lexical entries. A trigger for borders specifies only that border can be used, but not how. The combination rules are encoded in the features as soft preferences. This yields a more factorized and flexible representation that is easier to search through and parametrize using features. It also allows us to easily add new lexical triggers without becoming mired in the semantic formalism.
            </paragraph>
            <paragraph>
                Quantifiers and superlatives significantly complicate scoping in lambda calculus, and often type raising needs to be employed. In DCS, the mark-execute construct provides a flexible framework for dealing withscope variation. Think ofDCS as ahigher-level programming language tailored to natural language, which results in programs (DCS trees) which are much simpler than the logically-equivalent lambda calculus formulae.
            </paragraph>
            <paragraph>
                <context>
                    <kw> The idea of using</kw> 
                    <method>CSPs</method> to represent semantics <kw>is inspired by</kw> 
                    <method>Discourse Representation Theory (DRT)</method> (<cite id="25" function="bas" polarity="pos">Kamp and Reyle, 1993</cite>; <cite id="26">Kamp et al., 2005</cite>), where variables are discourse referents. 
                </context>
                
                The restriction to trees is similar to economical DRT (<cite id="27" function="ack" polarity="neu">Bos, 2009</cite>).
            </paragraph>
            <paragraph>
                The other major focus of this work is program induction—inferring logical forms from their denotations. 
                There has been a fair amount of past work on this topic: 
                <context>
                    <cite id="28" function="use" polarity="neu">Liang et al. (2010)</cite> 
                    <kw>induces</kw> 
                    <tool>combinatory logic programs</tool> 
                    <kw>in a</kw> 
                    <feature>non-linguistic setting</feature>.
                

                    <cite id="29" function="use" polarity="neu">Eisenstein et al. (2009)</cite> <kw>induces</kw> <concept>conjunctive formulae</concept> and uses them as features in another learning problem. <cite id="30" function="use" polarity="neu">Piantadosi et al. (2008)</cite> <kw>induces</kw> <concept>first-order formulae</concept> <kw>using </kw> <method>CCG</method> in a small domain assuming observed lexical semantics.
                </context>
                <context>
                <kw>The closest work to</kw> <author>ours</author> <kw>is</kw> <cite id="31" function="con" polarity="neu">Clarke et al. (2010)</cite>, which we discussed earlier.
                </context>
            </paragraph>
            <paragraph>
                The integration of natural language with denotations computed against a world (grounding) is becoming increasingly popular. 
                <context>
                    Feedback from the world has been used to guide both syntactic parsing (<cite id="32" function="ack" polarity="neu">Schuler, 2003</cite>) and semantic parsing (<cite id="33" function="ack" polarity="neu">Popescu et al., 2003</cite>; <cite id="34" function="ack" polarity="neu">Clarke et al., 2010</cite>). 
                </context>
                <context>
                    <kw>Past</kw> 
                    <experiment>work</experiment>
                    <kw> has also focused on</kw> 
                    <task>aligning text to a world </task>(<cite id="35" function="use" polarity="neu">Liang et al., 2009</cite>),<task> using text in reinforcement learning</task> (<cite id="36" function="use" polarity="neu">Branavan et al., 2009</cite>; <cite id="37" function="use" polarity="neu">Branavan et al., 2010</cite>), and many others.
                </context>
                Our work pushes the grounded language agenda towards deeper representations of language—think grounded compositional semantics.
            </paragraph>
        </section>
        <section>
            <title>
                6 Conclusion
            </title>
            <paragraph>
                We built a system that interprets natural language utterances much more accurately than existing systems, despite using no annotated logical forms. Our system is based on a new semantic representation, DCS, which offers a simple and expressive alternative to lambda calculus. Free from the burden of annotating logical forms, we hope to use our techniques in developing even more accurate and broader-coverage language understanding systems.
            </paragraph>
            <paragraph>
                <title>
                    Acknowledgments
                </title>
                We thank Luke Zettlemoyer and Tom Kwiatkowski for providing us with data and answering questions. 
            </paragraph>
        </section>
    </paper>
</annotatedpaper>